,match_id,Pt,Set1,Set2,Gm1,Gm2,Pts,SrvDueceSide,Gm#,TbSet,TB?,TBpt,Svr,Ret,Serving,1st,2nd,Notes,1stNoLet,2ndNoLet,1stSV,2ndSV,1stNoSV,2ndNoSV,1stIn,2ndIn,isRally1st,isRally2nd,Sv1,Sv2,Rally,isAce,isUnret,isRallyWinner,isForced,isUnforced,isDouble,rallyNoSpec,rallyNoError,rallyNoDirection,rallyLen,PtWinner,isSvrWinner,PtsAfter,GmW,Gm1.1,Gm2.1,SetW,Set1.1,Set2.1,RevTB,TBrev,rallyCount
7,20070905-M-US_Open-QF-Roger_Federer-Andy_Roddick,8,0,0,1,0,15-15,TRUE,2,1,0,,2,1,AR,5 s2d#,,,5s2d#,,0,,5s2d#,,1,,1,0,5,,s2d#,FALSE,FALSE,FALSE,TRUE,FALSE,FALSE,s2d,s2,s,1,2,1,30-15,0,1,0,0,0,0,,,1
9,20070905-M-US_Open-QF-Roger_Federer-Andy_Roddick,10,0,0,1,0,30-30,TRUE,2,1,0,,2,1,AR,5 s28 f+3 b2 z3 b2 v2 r3x#,,,5s28f+3b2z3b2v2r3x#,,0,,5s28f+3b2z3b2v2r3x#,,1,,1,0,5,,s28f+3b2z3b2v2r3x#,FALSE,FALSE,FALSE,TRUE,FALSE,FALSE,s28f3b2z3b2v2r3x,s28f3b2z3b2v2r3,sfbzbvr,7,2,1,40-30,0,1,0,0,0,0,,,7
11,20070905-M-US_Open-QF-Roger_Federer-Andy_Roddick,12,0,0,1,0,40-40,TRUE,2,1,0,,2,1,AR,4 f27 f+3 b1 v1*,,,4f27f+3b1v1*,,0,,4f27f+3b1v1*,,1,,1,0,4,,f27f+3b1v1*,FALSE,FALSE,TRUE,FALSE,FALSE,FALSE,f27f3b1v1,f27f3b1v1,ffbv,4,2,1,AD-40,0,1,0,0,0,0,,,5
19,20070905-M-US_Open-QF-Roger_Federer-Andy_Roddick,20,0,0,2,1,30-0,TRUE,4,1,0,,2,1,AR,5 s29 f1 f1n@,,,5s29f1f1n@,,0,,5s29f1f1n@,,1,,1,0,5,,s29f1f1n@,FALSE,FALSE,FALSE,FALSE,TRUE,FALSE,s29f1f1n,s29f1f1,sff,3,2,1,40-0,0,2,1,0,0,0,,,3
26,20070905-M-US_Open-QF-Roger_Federer-Andy_Roddick,27,0,0,3,2,0-0,TRUE,6,1,0,,2,1,AR,4+ f#,,,4+f#,,1,,4f#,,1,,1,0,4,,f#,FALSE,FALSE,FALSE,TRUE,FALSE,FALSE,f,f,f,1,2,1,15-0,0,3,2,0,0,0,,,1
28,20070905-M-US_Open-QF-Roger_Federer-Andy_Roddick,29,0,0,3,2,15-15,TRUE,6,1,0,,2,1,AR,4+*,,,4+*,,1,,4*,,1,,0,0,4+*,,,TRUE,FALSE,FALSE,FALSE,FALSE,FALSE,,,,0,2,1,30-15,0,3,2,0,0,0,,,1
30,20070905-M-US_Open-QF-Roger_Federer-Andy_Roddick,31,0,0,3,2,40-15,TRUE,6,1,0,,2,1,AR,5 b2n#,,,5b2n#,,0,,5b2n#,,1,,1,0,5,,b2n#,FALSE,FALSE,FALSE,TRUE,FALSE,FALSE,b2n,b2,b,1,2,1,GM,2,3,3,0,0,0,,,1
37,20070905-M-US_Open-QF-Roger_Federer-Andy_Roddick,38,0,0,4,3,0-0,TRUE,8,1,0,,2,1,AR,6*,,,6*,,0,,6*,,1,,0,0,6*,,,TRUE,FALSE,FALSE,FALSE,FALSE,FALSE,,,,0,2,1,15-0,0,4,3,0,0,0,,,1
39,20070905-M-US_Open-QF-Roger_Federer-Andy_Roddick,40,0,0,4,3,15-15,TRUE,8,1,0,,2,1,AR,6*,,,6*,,0,,6*,,1,,0,0,6*,,,TRUE,FALSE,FALSE,FALSE,FALSE,FALSE,,,,0,2,1,30-15,0,4,3,0,0,0,,,1
41,20070905-M-US_Open-QF-Roger_Federer-Andy_Roddick,42,0,0,4,3,40-15,TRUE,8,1,0,,2,1,AR,6*,,,6*,,0,,6*,,1,,0,0,6*,,,TRUE,FALSE,FALSE,FALSE,FALSE,FALSE,,,,0,2,1,GM,2,4,4,0,0,0,,,1
46,20070905-M-US_Open-QF-Roger_Federer-Andy_Roddick,47,0,0,5,4,0-0,TRUE,10,1,0,,2,1,AR,6 s28 f1 f3n@,,,6s28f1f3n@,,0,,6s28f1f3n@,,1,,1,0,6,,s28f1f3n@,FALSE,FALSE,FALSE,FALSE,TRUE,FALSE,s28f1f3n,s28f1f3,sff,3,2,1,15-0,0,5,4,0,0,0,,,3
52,20070905-M-US_Open-QF-Roger_Federer-Andy_Roddick,53,0,0,5,4,40-40,TRUE,10,1,0,,2,1,AR,5 s#,,,5s#,,0,,5s#,,1,,1,0,5,,s#,FALSE,FALSE,FALSE,TRUE,FALSE,FALSE,s,s,s,1,2,1,AD-40,0,5,4,0,0,0,,,1
61,20070905-M-US_Open-QF-Roger_Federer-Andy_Roddick,62,0,0,6,5,15-15,TRUE,12,1,0,,2,1,AR,4 f2d#,,,4f2d#,,0,,4f2d#,,1,,1,0,4,,f2d#,FALSE,FALSE,FALSE,TRUE,FALSE,FALSE,f2d,f2,f,1,2,1,30-15,0,6,5,0,0,0,,,1
76,20070905-M-US_Open-QF-Roger_Federer-Andy_Roddick,77,1,0,0,0,0-0,TRUE,14,1,0,,2,1,AR,4 f2n#,,,4f2n#,,0,,4f2n#,,1,,1,0,4,,f2n#,FALSE,FALSE,FALSE,TRUE,FALSE,FALSE,f2n,f2,f,1,2,1,15-0,0,0,0,0,1,0,,,1
78,20070905-M-US_Open-QF-Roger_Federer-Andy_Roddick,79,1,0,0,0,30-0,TRUE,14,1,0,,2,1,AR,4 f2d#,,,4f2d#,,0,,4f2d#,,1,,1,0,4,,f2d#,FALSE,FALSE,FALSE,TRUE,FALSE,FALSE,f2d,f2,f,1,2,1,40-0,0,0,0,0,1,0,,,1
86,20070905-M-US_Open-QF-Roger_Federer-Andy_Roddick,87,1,0,1,1,30-0,TRUE,16,1,0,,2,1,AR,6 s27 f-3*,,,6s27f-3*,,0,,6s27f-3*,,1,,1,0,6,,s27f-3*,FALSE,FALSE,TRUE,FALSE,FALSE,FALSE,s27f3,s27f3,sf,2,2,1,40-0,0,1,1,0,1,0,,,3
94,20070905-M-US_Open-QF-Roger_Federer-Andy_Roddick,95,1,0,2,2,0-0,TRUE,18,1,0,,2,1,AR,4 f38 b2 b-1*,,,4f38b2b-1*,,0,,4f38b2b-1*,,1,,1,0,4,,f38b2b-1*,FALSE,FALSE,TRUE,FALSE,FALSE,FALSE,f38b2b1,f38b2b1,fbb,3,1,0,0-15,0,2,2,0,1,0,,,4
96,20070905-M-US_Open-QF-Roger_Federer-Andy_Roddick,97,1,0,2,2,15-15,TRUE,18,1,0,,2,1,AR,4*,,,4*,,0,,4*,,1,,0,0,4*,,,TRUE,FALSE,FALSE,FALSE,FALSE,FALSE,,,,0,2,1,30-15,0,2,2,0,1,0,,,1
98,20070905-M-US_Open-QF-Roger_Federer-Andy_Roddick,99,1,0,2,2,40-15,TRUE,18,1,0,,2,1,AR,4 f#,,,4f#,,0,,4f#,,1,,1,0,4,,f#,FALSE,FALSE,FALSE,TRUE,FALSE,FALSE,f,f,f,1,2,1,GM,2,2,3,0,1,0,,,1
103,20070905-M-US_Open-QF-Roger_Federer-Andy_Roddick,104,1,0,3,3,0-0,TRUE,20,1,0,,2,1,AR,6 s#,,,6s#,,0,,6s#,,1,,1,0,6,,s#,FALSE,FALSE,FALSE,TRUE,FALSE,FALSE,s,s,s,1,2,1,15-0,0,3,3,0,1,0,,,1
105,20070905-M-US_Open-QF-Roger_Federer-Andy_Roddick,106,1,0,3,3,15-15,TRUE,20,1,0,,2,1,AR,5 b3w#,,,5b3w#,,0,,5b3w#,,1,,1,0,5,,b3w#,FALSE,FALSE,FALSE,TRUE,FALSE,FALSE,b3w,b3,b,1,2,1,30-15,0,3,3,0,1,0,,,1
107,20070905-M-US_Open-QF-Roger_Federer-Andy_Roddick,108,1,0,3,3,30-30,TRUE,20,1,0,,2,1,AR,6 b#,,,6b#,,0,,6b#,,1,,1,0,6,,b#,FALSE,FALSE,FALSE,TRUE,FALSE,FALSE,b,b,b,1,2,1,40-30,0,3,3,0,1,0,,,1
119,20070905-M-US_Open-QF-Roger_Federer-Andy_Roddick,120,1,0,4,4,0-0,TRUE,22,1,0,,2,1,AR,5 s2n#,,,5s2n#,,0,,5s2n#,,1,,1,0,5,,s2n#,FALSE,FALSE,FALSE,TRUE,FALSE,FALSE,s2n,s2,s,1,2,1,15-0,0,4,4,0,1,0,,,1
121,20070905-M-US_Open-QF-Roger_Federer-Andy_Roddick,122,1,0,4,4,30-0,TRUE,22,1,0,,2,1,AR,4 f28 f+3 s1n#,,,4f28f+3s1n#,,0,,4f28f+3s1n#,,1,,1,0,4,,f28f+3s1n#,FALSE,FALSE,FALSE,TRUE,FALSE,FALSE,f28f3s1n,f28f3s1,ffs,3,2,1,40-0,0,4,4,0,1,0,,,3
129,20070905-M-US_Open-QF-Roger_Federer-Andy_Roddick,130,1,0,5,5,0-0,TRUE,24,1,0,,2,1,AR,4 r27 f+1 f1 v3 s1d#,,,4r27f+1f1v3s1d#,,0,,4r27f+1f1v3s1d#,,1,,1,0,4,,r27f+1f1v3s1d#,FALSE,FALSE,FALSE,TRUE,FALSE,FALSE,r27f1f1v3s1d,r27f1f1v3s1,rffvs,5,2,1,15-0,0,5,5,0,1,0,,,5
131,20070905-M-US_Open-QF-Roger_Federer-Andy_Roddick,132,1,0,5,5,15-15,TRUE,24,1,0,,2,1,AR,6 s38 b3 s3 b1 f1d@,,,6s38b3s3b1f1d@,,0,,6s38b3s3b1f1d@,,1,,1,0,6,,s38b3s3b1f1d@,FALSE,FALSE,FALSE,FALSE,TRUE,FALSE,s38b3s3b1f1d,s38b3s3b1f1,sbsbf,5,2,1,30-15,0,5,5,0,1,0,,,5
133,20070905-M-US_Open-QF-Roger_Federer-Andy_Roddick,134,1,0,5,5,30-30,TRUE,24,1,0,,2,1,AR,4*,,,4*,,0,,4*,,1,,0,0,4*,,,TRUE,FALSE,FALSE,FALSE,FALSE,FALSE,,,,0,2,1,40-30,0,5,5,0,1,0,,,1
135,20070905-M-US_Open-QF-Roger_Federer-Andy_Roddick,136,1,0,5,5,40-40,TRUE,24,1,0,,2,1,AR,6 s#,,,6s#,,0,,6s#,,1,,1,0,6,,s#,FALSE,FALSE,FALSE,TRUE,FALSE,FALSE,s,s,s,1,2,1,AD-40,0,5,5,0,1,0,,,1
142,20070905-M-US_Open-QF-Roger_Federer-Andy_Roddick,143,1,0,6,6,0-0,TRUE,26,1,1,1,2,1,AR,4 f39 b2 f1 f2 f2 f+3 s2 v3*,,,4f39b2f1f2f2f+3s2v3*,,0,,4f39b2f1f2f2f+3s2v3*,,1,,1,0,4,,f39b2f1f2f2f+3s2v3*,FALSE,FALSE,TRUE,FALSE,FALSE,FALSE,f39b2f1f2f2f3s2v3,f39b2f1f2f2f3s2v3,fbffffsv,8,2,1,1-0,0,6,6,0,1,0,1,0-1,9
161,20070905-M-US_Open-QF-Roger_Federer-Andy_Roddick,162,2,0,1,0,0-0,TRUE,28,1,0,,2,1,AR,4 r2n#,,,4r2n#,,0,,4r2n#,,1,,1,0,4,,r2n#,FALSE,FALSE,FALSE,TRUE,FALSE,FALSE,r2n,r2,r,1,2,1,15-0,0,1,0,0,2,0,,,1
163,20070905-M-US_Open-QF-Roger_Federer-Andy_Roddick,164,2,0,1,0,15-15,TRUE,28,1,0,,2,1,AR,4 f28 f+3 b2 z1 l2 o3*,,,4f28f+3b2z1l2o3*,,0,,4f28f+3b2z1l2o3*,,1,,1,0,4,,f28f+3b2z1l2o3*,FALSE,FALSE,TRUE,FALSE,FALSE,FALSE,f28f3b2z1l2o3,f28f3b2z1l2o3,ffbzlo,6,2,1,30-15,0,1,0,0,2,0,,,7
165,20070905-M-US_Open-QF-Roger_Federer-Andy_Roddick,166,2,0,1,0,30-30,TRUE,28,1,0,,2,1,AR,4 f3w#,,,4f3w#,,0,,4f3w#,,1,,1,0,4,,f3w#,FALSE,FALSE,FALSE,TRUE,FALSE,FALSE,f3w,f3,f,1,2,1,40-30,0,1,0,0,2,0,,,1
167,20070905-M-US_Open-QF-Roger_Federer-Andy_Roddick,168,2,0,1,0,40-40,TRUE,28,1,0,,2,1,AR,5 s28 f+3*,,,5s28f+3*,,0,,5s28f+3*,,1,,1,0,5,,s28f+3*,FALSE,FALSE,TRUE,FALSE,FALSE,FALSE,s28f3,s28f3,sf,2,2,1,AD-40,0,1,0,0,2,0,,,3
175,20070905-M-US_Open-QF-Roger_Federer-Andy_Roddick,176,2,0,2,1,0-0,TRUE,30,1,0,,2,1,AR,c4 f28 s3 b1n@,,,4f28s3b1n@,,0,,4f28s3b1n@,,1,,1,0,4,,f28s3b1n@,FALSE,FALSE,FALSE,FALSE,TRUE,FALSE,f28s3b1n,f28s3b1,fsb,3,2,1,15-0,0,2,1,0,2,0,,,3
177,20070905-M-US_Open-QF-Roger_Federer-Andy_Roddick,178,2,0,2,1,30-0,TRUE,30,1,0,,2,1,AR,6*,,,6*,,0,,6*,,1,,0,0,6*,,,TRUE,FALSE,FALSE,FALSE,FALSE,FALSE,,,,0,2,1,40-0,0,2,1,0,2,0,,,1
179,20070905-M-US_Open-QF-Roger_Federer-Andy_Roddick,180,2,0,2,1,40-15,TRUE,30,1,0,,2,1,AR,6*,,,6*,,0,,6*,,1,,0,0,6*,,,TRUE,FALSE,FALSE,FALSE,FALSE,FALSE,,,,0,2,1,GM,2,2,2,0,2,0,,,1
186,20070905-M-US_Open-QF-Roger_Federer-Andy_Roddick,187,2,0,3,2,15-15,TRUE,32,1,0,,2,1,AR,5 s27 f+2 b2 z2 f1 v1w#,,,5s27f+2b2z2f1v1w#,,0,,5s27f+2b2z2f1v1w#,,1,,1,0,5,,s27f+2b2z2f1v1w#,FALSE,FALSE,FALSE,TRUE,FALSE,FALSE,s27f2b2z2f1v1w,s27f2b2z2f1v1,sfbzfv,6,1,0,15-30,0,3,2,0,2,0,,,6
200,20070905-M-US_Open-QF-Roger_Federer-Andy_Roddick,201,2,0,5,2,15-15,TRUE,34,1,0,,2,1,AR,4 f18 f3w#,,,4f18f3w#,,0,,4f18f3w#,,1,,1,0,4,,f18f3w#,FALSE,FALSE,FALSE,TRUE,FALSE,FALSE,f18f3w,f18f3,ff,2,1,0,15-30,0,5,2,0,2,0,,,2
202,20070905-M-US_Open-QF-Roger_Federer-Andy_Roddick,203,2,0,5,2,15-40,TRUE,34,1,0,,2,1,AR,5 b;27 f-2*,,,5b;27f-2*,,0,,5b;27f-2*,,1,,1,0,5,,b;27f-2*,FALSE,FALSE,TRUE,FALSE,FALSE,FALSE,b27f2,b27f2,bf,2,2,1,30-40,0,5,2,0,2,0,,,3
204,20070125-M-Australian_Open-SF-Andy_Roddick-Roger_Federer,1,0,0,0,0,0-0,TRUE,1,1,0,,1,2,AR,6 b3w#,,,6b3w#,,0,,6b3w#,,1,,1,0,6,,b3w#,FALSE,FALSE,FALSE,TRUE,FALSE,FALSE,b3w,b3,b,1,1,1,15-0,0,0,0,0,0,0,,,1
206,20070125-M-Australian_Open-SF-Andy_Roddick-Roger_Federer,3,0,0,0,0,15-15,TRUE,1,1,0,,1,2,AR,6 b2d#,,,6b2d#,,0,,6b2d#,,1,,1,0,6,,b2d#,FALSE,FALSE,FALSE,TRUE,FALSE,FALSE,b2d,b2,b,1,1,1,30-15,0,0,0,0,0,0,,,1
208,20070125-M-Australian_Open-SF-Andy_Roddick-Roger_Federer,5,0,0,0,0,30-30,TRUE,1,1,0,,1,2,AR,6 b38 f3 b1*,,,6b38f3b1*,,0,,6b38f3b1*,,1,,1,0,6,,b38f3b1*,FALSE,FALSE,TRUE,FALSE,FALSE,FALSE,b38f3b1,b38f3b1,bfb,3,2,0,30-40,0,0,0,0,0,0,,,4
220,20070125-M-Australian_Open-SF-Andy_Roddick-Roger_Federer,17,0,0,0,2,40-15,TRUE,3,1,0,,1,2,AR,4 f1d#,,,4f1d#,,0,,4f1d#,,1,,1,0,4,,f1d#,FALSE,FALSE,FALSE,TRUE,FALSE,FALSE,f1d,f1,f,1,1,1,GM,1,1,2,0,0,0,,,1
229,20070125-M-Australian_Open-SF-Andy_Roddick-Roger_Federer,26,0,0,2,2,0-0,TRUE,5,1,0,,1,2,AR,5 f28 f2 f2 f3 b3 b3 s1 f1 f3*,,,5f28f2f2f3b3b3s1f1f3*,,0,,5f28f2f2f3b3b3s1f1f3*,,1,,1,0,5,,f28f2f2f3b3b3s1f1f3*,FALSE,FALSE,TRUE,FALSE,FALSE,FALSE,f28f2f2f3b3b3s1f1f3,f28f2f2f3b3b3s1f1f3,ffffbbsff,9,2,0,0-15,0,2,2,0,0,0,,,10
231,20070125-M-Australian_Open-SF-Andy_Roddick-Roger_Federer,28,0,0,2,2,0-30,TRUE,5,1,0,,1,2,AR,4 f2n#,,,4f2n#,,0,,4f2n#,,1,,1,0,4,,f2n#,FALSE,FALSE,FALSE,TRUE,FALSE,FALSE,f2n,f2,f,1,1,1,15-30,0,2,2,0,0,0,,,1
233,20070125-M-Australian_Open-SF-Andy_Roddick-Roger_Federer,30,0,0,2,2,30-30,TRUE,5,1,0,,1,2,AR,4 f27 f3*,,,4f27f3*,,0,,4f27f3*,,1,,1,0,4,,f27f3*,FALSE,FALSE,TRUE,FALSE,FALSE,FALSE,f27f3,f27f3,ff,2,1,1,40-30,0,2,2,0,0,0,,,3
243,20070125-M-Australian_Open-SF-Andy_Roddick-Roger_Federer,40,0,0,3,3,30-0,TRUE,7,1,0,,1,2,AR,4+ f38*,,,4+f38*,,1,,4f38*,,1,,1,0,4,,f38*,FALSE,FALSE,TRUE,FALSE,FALSE,FALSE,f38,f38,f,1,2,0,30-15,0,3,3,0,0,0,,,2
245,20070125-M-Australian_Open-SF-Andy_Roddick-Roger_Federer,42,0,0,3,3,30-30,TRUE,7,1,0,,1,2,AR,4 f27 f+-3 b1d#,,,4f27f+-3b1d#,,0,,4f27f+-3b1d#,,1,,1,0,4,,f27f+-3b1d#,FALSE,FALSE,FALSE,TRUE,FALSE,FALSE,f27f3b1d,f27f3b1,ffb,3,1,1,40-30,0,3,3,0,0,0,,,3
251,20070125-M-Australian_Open-SF-Andy_Roddick-Roger_Federer,48,0,0,4,4,0-0,TRUE,9,1,0,,1,2,AR,6*,,,6*,,0,,6*,,1,,0,0,6*,,,TRUE,FALSE,FALSE,FALSE,FALSE,FALSE,,,,0,1,1,15-0,0,4,4,0,0,0,,,1
253,20070125-M-Australian_Open-SF-Andy_Roddick-Roger_Federer,50,0,0,4,4,15-15,TRUE,9,1,0,,1,2,AR,6*,,,6*,,0,,6*,,1,,0,0,6*,,,TRUE,FALSE,FALSE,FALSE,FALSE,FALSE,,,,0,1,1,30-15,0,4,4,0,0,0,,,1
261,20070125-M-Australian_Open-SF-Andy_Roddick-Roger_Federer,58,0,1,0,0,0-0,TRUE,11,1,0,,1,2,AR,5 b18 f1 f1n#,,,5b18f1f1n#,,0,,5b18f1f1n#,,1,,1,0,5,,b18f1f1n#,FALSE,FALSE,FALSE,TRUE,FALSE,FALSE,b18f1f1n,b18f1f1,bff,3,1,1,15-0,0,0,0,0,0,1,,,3
271,20070125-M-Australian_Open-SF-Andy_Roddick-Roger_Federer,68,0,1,0,2,0-0,TRUE,13,1,0,,1,2,AR,4+ f17 f-2 i=3*,,,4+f17f-2i=3*,,1,,4f17f-2i=3*,,1,,1,0,4,,f17f-2i=3*,FALSE,FALSE,TRUE,FALSE,FALSE,FALSE,f17f2i3,f17f2i3,ffi,3,2,0,0-15,0,0,2,0,0,1,,,4
273,20070125-M-Australian_Open-SF-Andy_Roddick-Roger_Federer,70,0,1,0,2,0-30,TRUE,13,1,0,,1,2,AR,6 b28 f1 f1 v+-3 b1*,,,6b28f1f1v+-3b1*,,0,,6b28f1f1v+-3b1*,,1,,1,0,6,,b28f1f1v+-3b1*,FALSE,FALSE,TRUE,FALSE,FALSE,FALSE,b28f1f1v3b1,b28f1f1v3b1,bffvb,5,2,0,0-40,0,0,2,0,0,1,,,6
282,20070125-M-Australian_Open-SF-Andy_Roddick-Roger_Federer,79,0,1,0,4,15-15,TRUE,15,1,0,,1,2,AR,4 f29 f2 s2 f1 f1 f3d#,,,4f29f2s2f1f1f3d#,,0,,4f29f2s2f1f1f3d#,,1,,1,0,4,,f29f2s2f1f1f3d#,FALSE,FALSE,FALSE,TRUE,FALSE,FALSE,f29f2s2f1f1f3d,f29f2s2f1f1f3,ffsfff,6,2,0,15-30,0,0,4,0,0,1,,,6
284,20070125-M-Australian_Open-SF-Andy_Roddick-Roger_Federer,81,0,1,0,4,15-40,TRUE,15,1,0,,1,2,AR,4 f29 b3 b1 f3+ b3*,,,4f29b3b1f3+b3*,,0,,4f29b3b1f3+b3*,,1,,1,0,4,,f29b3b1f3+b3*,FALSE,FALSE,TRUE,FALSE,FALSE,FALSE,f29b3b1f3b3,f29b3b1f3b3,fbbfb,5,2,0,GM,2,0,5,0,0,1,,,6
291,20070125-M-Australian_Open-SF-Andy_Roddick-Roger_Federer,88,0,2,0,0,0-0,TRUE,17,1,0,,1,2,AR,4 f29 f3 b3 f+-1 l2 o3*,,,4f29f3b3f+-1l2o3*,,0,,4f29f3b3f+-1l2o3*,,1,,1,0,4,,f29f3b3f+-1l2o3*,FALSE,FALSE,TRUE,FALSE,FALSE,FALSE,f29f3b3f1l2o3,f29f3b3f1l2o3,ffbflo,6,1,1,15-0,0,0,0,0,0,2,,,7
304,20070125-M-Australian_Open-SF-Andy_Roddick-Roger_Federer,101,0,2,0,2,30-0,TRUE,19,1,0,,1,2,AR,5 s28 f1 f1 f3+ s1*,,,5s28f1f1f3+s1*,,0,,5s28f1f1f3+s1*,,1,,1,0,5,,s28f1f1f3+s1*,FALSE,FALSE,TRUE,FALSE,FALSE,FALSE,s28f1f1f3s1,s28f1f1f3s1,sfffs,5,2,0,30-15,0,0,2,0,0,2,,,6
306,20070125-M-Australian_Open-SF-Andy_Roddick-Roger_Federer,103,0,2,0,2,40-15,TRUE,19,1,0,,1,2,AR,4 f1d#,,,4f1d#,,0,,4f1d#,,1,,1,0,4,,f1d#,FALSE,FALSE,FALSE,TRUE,FALSE,FALSE,f1d,f1,f,1,1,1,GM,1,1,2,0,0,2,,,1
312,20070125-M-Australian_Open-SF-Andy_Roddick-Roger_Federer,109,0,2,1,3,0-0,TRUE,21,1,0,,1,2,AR,4 f29*,,,4f29*,,0,,4f29*,,1,,1,0,4,,f29*,FALSE,FALSE,TRUE,FALSE,FALSE,FALSE,f29,f29,f,1,2,0,0-15,0,1,3,0,0,2,,,2
314,20070125-M-Australian_Open-SF-Andy_Roddick-Roger_Federer,111,0,2,1,3,0-30,TRUE,21,1,0,,1,2,AR,6 b27 f+-2 f2 z-3*,,,6b27f+-2f2z-3*,,0,,6b27f+-2f2z-3*,,1,,1,0,6,,b27f+-2f2z-3*,FALSE,FALSE,TRUE,FALSE,FALSE,FALSE,b27f2f2z3,b27f2f2z3,bffz,4,1,1,15-30,0,1,3,0,0,2,,,5
316,20070125-M-Australian_Open-SF-Andy_Roddick-Roger_Federer,113,0,2,1,3,15-40,TRUE,21,1,0,,1,2,AR,c4 f28 f3+ b3*,,,4f28f3+b3*,,0,,4f28f3+b3*,,1,,1,0,4,,f28f3+b3*,FALSE,FALSE,TRUE,FALSE,FALSE,FALSE,f28f3b3,f28f3b3,ffb,3,2,0,GM,2,1,4,0,0,2,,,4
321,20070125-M-Australian_Open-SF-Andy_Roddick-Roger_Federer,118,0,2,1,5,0-0,TRUE,23,1,0,,1,2,AR,c4 f29 b2 f+-3*,,,4f29b2f+-3*,,0,,4f29b2f+-3*,,1,,1,0,4,,f29b2f+-3*,FALSE,FALSE,TRUE,FALSE,FALSE,FALSE,f29b2f3,f29b2f3,fbf,3,2,0,0-15,0,1,5,0,0,2,,,4
323,20070125-M-Australian_Open-SF-Andy_Roddick-Roger_Federer,120,0,2,1,5,15-15,TRUE,23,1,0,,1,2,AR,4 f1w#,,,4f1w#,,0,,4f1w#,,1,,1,0,4,,f1w#,FALSE,FALSE,FALSE,TRUE,FALSE,FALSE,f1w,f1,f,1,1,1,30-15,0,1,5,0,0,2,,,1
340,20060826-M-US_Open-F-Roger_Federer-Andy_Roddick,9,0,0,1,0,0-30,TRUE,2,1,0,,2,1,AR,c6 s27 f+3d@,,,6s27f+3d@,,0,,6s27f3d@,,1,,1,0,6,,s27f3d@,FALSE,FALSE,FALSE,FALSE,TRUE,FALSE,s27f3d,s27f3,sf,2,1,0,0-40,0,1,0,0,0,0,,,2
353,20060826-M-US_Open-F-Roger_Federer-Andy_Roddick,22,0,0,3,0,30-0,TRUE,4,1,0,,2,1,AR,4 f29 f+3 b1*,,,4f29f+3b1*,,0,,4f29f3b1*,,1,,1,0,4,,f29f3b1*,FALSE,FALSE,TRUE,FALSE,FALSE,FALSE,f29f3b1,f29f3b1,ffb,3,1,0,30-15,0,3,0,0,0,0,,,4
355,20060826-M-US_Open-F-Roger_Federer-Andy_Roddick,24,0,0,3,0,30-30,TRUE,4,1,0,,2,1,AR,4 f28 b+3 b3 z1 f1*,,,4f28b+3b3z1f1*,,0,,4f28b3b3z1f1*,,1,,1,0,4,,f28b3b3z1f1*,FALSE,FALSE,TRUE,FALSE,FALSE,FALSE,f28b3b3z1f1,f28b3b3z1f1,fbbzf,5,1,0,30-40,0,3,0,0,0,0,,,6
362,20060826-M-US_Open-F-Roger_Federer-Andy_Roddick,31,0,0,5,0,0-0,TRUE,6,1,0,,2,1,AR,4#,,,4#,,0,,4#,,1,,0,0,4#,,,FALSE,TRUE,FALSE,FALSE,FALSE,FALSE,,,,0,2,1,15-0,0,5,0,0,0,0,,,1
364,20060826-M-US_Open-F-Roger_Federer-Andy_Roddick,33,0,0,5,0,30-0,TRUE,6,1,0,,2,1,AR,4#,,,4#,,0,,4#,,1,,0,0,4#,,,FALSE,TRUE,FALSE,FALSE,FALSE,FALSE,,,,0,2,1,40-0,0,5,0,0,0,0,,,1
371,20060826-M-US_Open-F-Roger_Federer-Andy_Roddick,40,0,0,5,2,0-0,TRUE,8,1,0,,2,1,AR,4+ f v3n@,,,4+fv3n@,,1,,4fv3n@,,1,,1,0,4,,fv3n@,FALSE,FALSE,FALSE,FALSE,TRUE,FALSE,fv3n,fv3,fv,2,1,0,0-15,0,5,2,0,0,0,,,2
375,20060826-M-US_Open-F-Roger_Federer-Andy_Roddick,44,0,0,5,2,30-30,TRUE,8,1,0,,2,1,AR,4 r29 f+3 b3 z1 l2d#,,,4r29f+3b3z1l2d#,,0,,4r29f3b3z1l2d#,,1,,1,0,4,,r29f3b3z1l2d#,FALSE,FALSE,FALSE,TRUE,FALSE,FALSE,r29f3b3z1l2d,r29f3b3z1l2,rfbzl,5,2,1,40-30,0,5,2,0,0,0,,,5
383,20060826-M-US_Open-F-Roger_Federer-Andy_Roddick,52,1,0,0,1,0-0,TRUE,10,1,0,,2,1,AR,4 f28 f+1 l#,,,4f28f+1l#,,0,,4f28f1l#,,1,,1,0,4,,f28f1l#,FALSE,FALSE,FALSE,TRUE,FALSE,FALSE,f28f1l,f28f1l,ffl,3,2,1,15-0,0,0,1,0,1,0,,,3
387,20060826-M-US_Open-F-Roger_Federer-Andy_Roddick,56,1,0,0,1,30-30,TRUE,10,1,0,,2,1,AR,6 b38 b+3 b3 z3 m#,,,6b38b+3b3z3m#,,0,,6b38b3b3z3m#,,1,,1,0,6,,b38b3b3z3m#,FALSE,FALSE,FALSE,TRUE,FALSE,FALSE,b38b3b3z3m,b38b3b3z3m,bbbzm,5,2,1,40-30,0,0,1,0,1,0,,,5
389,20060826-M-US_Open-F-Roger_Federer-Andy_Roddick,58,1,0,0,1,40-40,TRUE,10,1,0,,2,1,AR,4#,,,4#,,0,,4#,,1,,0,0,4#,,,FALSE,TRUE,FALSE,FALSE,FALSE,FALSE,,,,0,2,1,AD-40,0,0,1,0,1,0,,,1
396,20060826-M-US_Open-F-Roger_Federer-Andy_Roddick,65,1,0,1,2,0-0,TRUE,12,1,0,,2,1,AR,4 f39 b3 b2 f3 b2 f3 b3n@,,,4f39b3b2f3b2f3b3n@,,0,,4f39b3b2f3b2f3b3n@,,1,,1,0,4,,f39b3b2f3b2f3b3n@,FALSE,FALSE,FALSE,FALSE,TRUE,FALSE,f39b3b2f3b2f3b3n,f39b3b2f3b2f3b3,fbbfbfb,7,2,1,15-0,0,1,2,0,1,0,,,7
398,20060826-M-US_Open-F-Roger_Federer-Andy_Roddick,67,1,0,1,2,15-15,TRUE,12,1,0,,2,1,AR,4 f29 s3 b3 b3 b1 f1 f+3 b1*,,,4f29s3b3b3b1f1f+3b1*,,0,,4f29s3b3b3b1f1f3b1*,,1,,1,0,4,,f29s3b3b3b1f1f3b1*,FALSE,FALSE,TRUE,FALSE,FALSE,FALSE,f29s3b3b3b1f1f3b1,f29s3b3b3b1f1f3b1,fsbbbffb,8,2,1,30-15,0,1,2,0,1,0,,,9
400,20060826-M-US_Open-F-Roger_Federer-Andy_Roddick,69,1,0,1,2,40-15,TRUE,12,1,0,,2,1,AR,6#,,,6#,,0,,6#,,1,,0,0,6#,,,FALSE,TRUE,FALSE,FALSE,FALSE,FALSE,,,,0,2,1,GM,2,1,3,0,1,0,,,1
406,20060826-M-US_Open-F-Roger_Federer-Andy_Roddick,75,1,0,2,3,0-0,TRUE,14,1,0,,2,1,AR,4 f19 f2 s3 b3 b3 f3 b1*,,,4f19f2s3b3b3f3b1*,,0,,4f19f2s3b3b3f3b1*,,1,,1,0,4,,f19f2s3b3b3f3b1*,FALSE,FALSE,TRUE,FALSE,FALSE,FALSE,f19f2s3b3b3f3b1,f19f2s3b3b3f3b1,ffsbbfb,7,1,0,0-15,0,2,3,0,1,0,,,8
408,20060826-M-US_Open-F-Roger_Federer-Andy_Roddick,77,1,0,2,3,15-15,TRUE,14,1,0,,2,1,AR,4 r29 f+3 b3 z1*,,,4r29f+3b3z1*,,0,,4r29f3b3z1*,,1,,1,0,4,,r29f3b3z1*,FALSE,FALSE,TRUE,FALSE,FALSE,FALSE,r29f3b3z1,r29f3b3z1,rfbz,4,2,1,30-15,0,2,3,0,1,0,,,5
420,20060826-M-US_Open-F-Roger_Federer-Andy_Roddick,89,1,0,3,4,0-0,TRUE,16,1,0,,2,1,AR,6#,,,6#,,0,,6#,,1,,0,0,6#,,,FALSE,TRUE,FALSE,FALSE,FALSE,FALSE,,,,0,2,1,15-0,0,3,4,0,1,0,,,1
422,20060826-M-US_Open-F-Roger_Federer-Andy_Roddick,91,1,0,3,4,30-0,TRUE,16,1,0,,2,1,AR,4 f18 f+3 b3 z1 l3 o3 m1 f2 o3*,,,4f18f+3b3z1l3o3m1f2o3*,,0,,4f18f3b3z1l3o3m1f2o3*,,1,,1,0,4,,f18f3b3z1l3o3m1f2o3*,FALSE,FALSE,TRUE,FALSE,FALSE,FALSE,f18f3b3z1l3o3m1f2o3,f18f3b3z1l3o3m1f2o3,ffbzlomfo,9,1,0,30-15,0,3,4,0,1,0,,,10
424,20060826-M-US_Open-F-Roger_Federer-Andy_Roddick,93,1,0,3,4,40-15,TRUE,16,1,0,,2,1,AR,4 f19 f+3 b1n#,,,4f19f+3b1n#,,0,,4f19f3b1n#,,1,,1,0,4,,f19f3b1n#,FALSE,FALSE,FALSE,TRUE,FALSE,FALSE,f19f3b1n,f19f3b1,ffb,3,2,1,GM,2,3,5,0,1,0,,,3
429,20060826-M-US_Open-F-Roger_Federer-Andy_Roddick,98,1,0,4,5,0-0,TRUE,18,1,0,,2,1,AR,4*,,,4*,,0,,4*,,1,,0,0,4*,,,TRUE,FALSE,FALSE,FALSE,FALSE,FALSE,,,,0,2,1,15-0,0,4,5,0,1,0,,,1
438,20060826-M-US_Open-F-Roger_Federer-Andy_Roddick,107,1,1,1,0,0-0,TRUE,20,1,0,,2,1,AR,6#,,,6#,,0,,6#,,1,,0,0,6#,,,FALSE,TRUE,FALSE,FALSE,FALSE,FALSE,,,,0,2,1,15-0,0,1,0,0,1,1,,,1
442,20060826-M-US_Open-F-Roger_Federer-Andy_Roddick,111,1,1,1,0,30-30,TRUE,20,1,0,,2,1,AR,4#,,,4#,,0,,4#,,1,,0,0,4#,,,FALSE,TRUE,FALSE,FALSE,FALSE,FALSE,,,,0,2,1,40-30,0,1,0,0,1,1,,,1
444,20060826-M-US_Open-F-Roger_Federer-Andy_Roddick,113,1,1,1,0,40-40,TRUE,20,1,0,,2,1,AR,6*,,,6*,,0,,6*,,1,,0,0,6*,,,TRUE,FALSE,FALSE,FALSE,FALSE,FALSE,,,,0,2,1,AD-40,0,1,0,0,1,1,,,1
450,20060826-M-US_Open-F-Roger_Federer-Andy_Roddick,119,1,1,2,1,0-0,TRUE,22,1,0,,2,1,AR,6 s27 f+3 b3 z1*,,,6s27f+3b3z1*,,0,,6s27f3b3z1*,,1,,1,0,6,,s27f3b3z1*,FALSE,FALSE,TRUE,FALSE,FALSE,FALSE,s27f3b3z1,s27f3b3z1,sfbz,4,2,1,15-0,0,2,1,0,1,1,,,5
454,20060826-M-US_Open-F-Roger_Federer-Andy_Roddick,123,1,1,2,1,30-30,TRUE,22,1,0,,2,1,AR,4 f38 b3 b1 f1 f1 f3 s3 s+3 b1n@,,,4f38b3b1f1f1f3s3s+3b1n@,,0,,4f38b3b1f1f1f3s3s3b1n@,,1,,1,0,4,,f38b3b1f1f1f3s3s3b1n@,FALSE,FALSE,FALSE,FALSE,TRUE,FALSE,f38b3b1f1f1f3s3s3b1n,f38b3b1f1f1f3s3s3b1,fbbfffssb,9,2,1,40-30,0,2,1,0,1,1,,,9
466,20060826-M-US_Open-F-Roger_Federer-Andy_Roddick,135,1,1,3,2,0-0,TRUE,24,1,0,,2,1,AR,4 f28 f3 b2 f1 f1 f3 s3 b3n@,,,4f28f3b2f1f1f3s3b3n@,,0,,4f28f3b2f1f1f3s3b3n@,,1,,1,0,4,,f28f3b2f1f1f3s3b3n@,FALSE,FALSE,FALSE,FALSE,TRUE,FALSE,f28f3b2f1f1f3s3b3n,f28f3b2f1f1f3s3b3,ffbfffsb,8,1,0,0-15,0,3,2,0,1,1,,,8
470,20060826-M-US_Open-F-Roger_Federer-Andy_Roddick,139,1,1,3,2,30-30,TRUE,24,1,0,,2,1,AR,6 s;27 f#,,,6s;27f#,,0,,6s;27f#,,1,,1,0,6,,s;27f#,FALSE,FALSE,FALSE,TRUE,FALSE,FALSE,s27f,s27f,sf,2,1,0,30-40,0,3,2,0,1,1,,,2
474,20060826-M-US_Open-F-Roger_Federer-Andy_Roddick,143,1,1,3,2,40-40,TRUE,24,1,0,,2,1,AR,4 f39 b3 b1 f1 f1 r#,,,4f39b3b1f1f1r#,,0,,4f39b3b1f1f1r#,,1,,1,0,4,,f39b3b1f1f1r#,FALSE,FALSE,FALSE,TRUE,FALSE,FALSE,f39b3b1f1f1r,f39b3b1f1f1r,fbbffr,6,1,0,40-AD,0,3,2,0,1,1,,,6
478,20060826-M-US_Open-F-Roger_Federer-Andy_Roddick,147,1,1,3,2,40-40,TRUE,24,1,0,,2,1,AR,4 f29 b3 b+1*,,,4f29b3b+1*,,0,,4f29b3b1*,,1,,1,0,4,,f29b3b1*,FALSE,FALSE,TRUE,FALSE,FALSE,FALSE,f29b3b1,f29b3b1,fbb,3,1,0,40-AD,0,3,2,0,1,1,,,4
480,20060826-M-US_Open-F-Roger_Federer-Andy_Roddick,149,1,1,3,2,40-40,TRUE,24,1,0,,2,1,AR,6 s#,,,6s#,,0,,6s#,,1,,1,0,6,,s#,FALSE,FALSE,FALSE,TRUE,FALSE,FALSE,s,s,s,1,2,1,AD-40,0,3,2,0,1,1,,,1
484,20060826-M-US_Open-F-Roger_Federer-Andy_Roddick,153,1,1,3,2,40-40,TRUE,24,1,0,,2,1,AR,4 f27 f+3 m3w#,,,4f27f+3m3w#,,0,,4f27f3m3w#,,1,,1,0,4,,f27f3m3w#,FALSE,FALSE,FALSE,TRUE,FALSE,FALSE,f27f3m3w,f27f3m3,ffm,3,2,1,AD-40,0,3,2,0,1,1,,,3
492,20060826-M-US_Open-F-Roger_Federer-Andy_Roddick,161,1,1,4,3,0-0,TRUE,26,1,0,,2,1,AR,4 f38 f1 r#,,,4f38f1r#,,0,,4f38f1r#,,1,,1,0,4,,f38f1r#,FALSE,FALSE,FALSE,TRUE,FALSE,FALSE,f38f1r,f38f1r,ffr,3,2,1,15-0,0,4,3,0,1,1,,,3
494,20060826-M-US_Open-F-Roger_Federer-Andy_Roddick,163,1,1,4,3,15-15,TRUE,26,1,0,,2,1,AR,4 f28 f+3 b3w#,,,4f28f+3b3w#,,0,,4f28f3b3w#,,1,,1,0,4,,f28f3b3w#,FALSE,FALSE,FALSE,TRUE,FALSE,FALSE,f28f3b3w,f28f3b3,ffb,3,2,1,30-15,0,4,3,0,1,1,,,3
496,20060826-M-US_Open-F-Roger_Federer-Andy_Roddick,165,1,1,4,3,40-15,TRUE,26,1,0,,2,1,AR,4 f29 f3 b3 f1 f#,,,4f29f3b3f1f#,,0,,4f29f3b3f1f#,,1,,1,0,4,,f29f3b3f1f#,FALSE,FALSE,FALSE,TRUE,FALSE,FALSE,f29f3b3f1f,f29f3b3f1f,ffbff,5,2,1,GM,2,4,4,0,1,1,,,5
502,20060826-M-US_Open-F-Roger_Federer-Andy_Roddick,171,1,1,5,4,0-0,TRUE,28,1,0,,2,1,AR,4 f#,,,4f#,,0,,4f#,,1,,1,0,4,,f#,FALSE,FALSE,FALSE,TRUE,FALSE,FALSE,f,f,f,1,2,1,15-0,0,5,4,0,1,1,,,1
504,20060826-M-US_Open-F-Roger_Federer-Andy_Roddick,173,1,1,5,4,15-15,TRUE,28,1,0,,2,1,AR,6*,,,6*,,0,,6*,,1,,0,0,6*,,,TRUE,FALSE,FALSE,FALSE,FALSE,FALSE,,,,0,2,1,30-15,0,5,4,0,1,1,,,1
512,20060826-M-US_Open-F-Roger_Federer-Andy_Roddick,181,1,1,6,5,0-0,TRUE,30,1,0,,2,1,AR,4 r29 f3 b3 f1n@,,,4r29f3b3f1n@,,0,,4r29f3b3f1n@,,1,,1,0,4,,r29f3b3f1n@,FALSE,FALSE,FALSE,FALSE,TRUE,FALSE,r29f3b3f1n,r29f3b3f1,rfbf,4,1,0,0-15,0,6,5,0,1,1,,,4
516,20060826-M-US_Open-F-Roger_Federer-Andy_Roddick,185,1,1,6,5,15-40,TRUE,30,1,0,,2,1,AR,6 s39 f+3 s3 z1n@,,,6s39f+3s3z1n@,,0,,6s39f3s3z1n@,,1,,1,0,6,,s39f3s3z1n@,FALSE,FALSE,FALSE,FALSE,TRUE,FALSE,s39f3s3z1n,s39f3s3z1,sfsz,4,1,0,GM,1,7,5,1,2,1,,,4
522,20060826-M-US_Open-F-Roger_Federer-Andy_Roddick,191,2,1,1,0,0-0,TRUE,32,1,0,,2,1,AR,4 f39 s2 f1 f2 s2 b1n@,,,4f39s2f1f2s2b1n@,,0,,4f39s2f1f2s2b1n@,,1,,1,0,4,,f39s2f1f2s2b1n@,FALSE,FALSE,FALSE,FALSE,TRUE,FALSE,f39s2f1f2s2b1n,f39s2f1f2s2b1,fsffsb,6,1,0,0-15,0,1,0,0,2,1,,,6
533,20060826-M-US_Open-F-Roger_Federer-Andy_Roddick,202,2,1,3,0,0-0,TRUE,34,1,0,,2,1,AR,4 f38 b3 s1 f1 f3 s3 b2 f1 f3 b+1 f1*,,,4f38b3s1f1f3s3b2f1f3b+1f1*,,0,,4f38b3s1f1f3s3b2f1f3b1f1*,,1,,1,0,4,,f38b3s1f1f3s3b2f1f3b1f1*,FALSE,FALSE,TRUE,FALSE,FALSE,FALSE,f38b3s1f1f3s3b2f1f3b1f1,f38b3s1f1f3s3b2f1f3b1f1,fbsffsbffbf,11,1,0,0-15,0,3,0,0,2,1,,,12
535,20060826-M-US_Open-F-Roger_Federer-Andy_Roddick,204,2,1,3,0,15-15,TRUE,34,1,0,,2,1,AR,6 s19 f1 f3 b3n#,,,6s19f1f3b3n#,,0,,6s19f1f3b3n#,,1,,1,0,6,,s19f1f3b3n#,FALSE,FALSE,FALSE,TRUE,FALSE,FALSE,s19f1f3b3n,s19f1f3b3,sffb,4,1,0,15-30,0,3,0,0,2,1,,,4
537,20060826-M-US_Open-F-Roger_Federer-Andy_Roddick,206,2,1,3,0,15-40,TRUE,34,1,0,,2,1,AR,4 f#,,,4f#,,0,,4f#,,1,,1,0,4,,f#,FALSE,FALSE,FALSE,TRUE,FALSE,FALSE,f,f,f,1,2,1,30-40,0,3,0,0,2,1,,,1
544,20060826-M-US_Open-F-Roger_Federer-Andy_Roddick,213,2,1,5,0,0-0,TRUE,36,1,0,,2,1,AR,c4 f39 b3 s#,,,4f39b3s#,,0,,4f39b3s#,,1,,1,0,4,,f39b3s#,FALSE,FALSE,FALSE,TRUE,FALSE,FALSE,f39b3s,f39b3s,fbs,3,2,1,15-0,0,5,0,0,2,1,,,3
546,20060826-M-US_Open-F-Roger_Federer-Andy_Roddick,215,2,1,5,0,30-0,TRUE,36,1,0,,2,1,AR,4 f18 f+2 b1 v1n@,,,4f18f+2b1v1n@,,0,,4f18f2b1v1n@,,1,,1,0,4,,f18f2b1v1n@,FALSE,FALSE,FALSE,FALSE,TRUE,FALSE,f18f2b1v1n,f18f2b1v1,ffbv,4,1,0,30-15,0,5,0,0,2,1,,,4
548,20060826-M-US_Open-F-Roger_Federer-Andy_Roddick,217,2,1,5,0,30-30,TRUE,36,1,0,,2,1,AR,4 f28 f+2 b3 z3 b3*,,,4f28f+2b3z3b3*,,0,,4f28f2b3z3b3*,,1,,1,0,4,,f28f2b3z3b3*,FALSE,FALSE,TRUE,FALSE,FALSE,FALSE,f28f2b3z3b3,f28f2b3z3b3,ffbzb,5,1,0,30-40,0,5,0,0,2,1,,,6
569,20050821-M-Cincinnati_Masters-F-Andy_Roddick-Roger_Federer,13,0,0,1,1,0-0,TRUE,3,1,0,,1,2,AR,4+ f17 v1*,,,4+f17v1*,,1,,4f17v1*,,1,,1,0,4,,f17v1*,FALSE,FALSE,TRUE,FALSE,FALSE,FALSE,f17v1,f17v1,fv,2,1,1,15-0,0,1,1,0,0,0,,,3
571,20050821-M-Cincinnati_Masters-F-Andy_Roddick-Roger_Federer,15,0,0,1,1,15-15,TRUE,3,1,0,,1,2,AR,4+ f27 h3d#,,,4+f27h3d#,,1,,4f27h3d#,,1,,1,0,4,,f27h3d#,FALSE,FALSE,FALSE,TRUE,FALSE,FALSE,f27h3d,f27h3,fh,2,2,0,15-30,0,1,1,0,0,0,,,2
573,20050821-M-Cincinnati_Masters-F-Andy_Roddick-Roger_Federer,17,0,0,1,1,30-30,TRUE,3,1,0,,1,2,AR,6*,,,6*,,0,,6*,,1,,0,0,6*,,,TRUE,FALSE,FALSE,FALSE,FALSE,FALSE,,,,0,1,1,40-30,0,1,1,0,0,0,,,1
580,20050821-M-Cincinnati_Masters-F-Andy_Roddick-Roger_Federer,24,0,0,2,2,0-0,TRUE,5,1,0,,1,2,AR,5 s28 f#,,,5s28f#,,0,,5s28f#,,1,,1,0,5,,s28f#,FALSE,FALSE,FALSE,TRUE,FALSE,FALSE,s28f,s28f,sf,2,2,0,0-15,0,2,2,0,0,0,,,2
586,20050821-M-Cincinnati_Masters-F-Andy_Roddick-Roger_Federer,30,0,0,2,2,40-40,TRUE,5,1,0,,1,2,AR,4 r28 f+3 s3 z1n@,,,4r28f+3s3z1n@,,0,,4r28f+3s3z1n@,,1,,1,0,4,,r28f+3s3z1n@,FALSE,FALSE,FALSE,FALSE,TRUE,FALSE,r28f3s3z1n,r28f3s3z1,rfsz,4,2,0,40-AD,0,2,2,0,0,0,,,4
594,20050821-M-Cincinnati_Masters-F-Andy_Roddick-Roger_Federer,38,0,0,2,4,0-0,TRUE,7,1,0,,1,2,AR,6 s3x#,,,6s3x#,,0,,6s3x#,,1,,1,0,6,,s3x#,FALSE,FALSE,FALSE,TRUE,FALSE,FALSE,s3x,s3,s,1,1,1,15-0,0,2,4,0,0,0,,,1
596,20050821-M-Cincinnati_Masters-F-Andy_Roddick-Roger_Federer,40,0,0,2,4,30-0,TRUE,7,1,0,,1,2,AR,6*,,,6*,,0,,6*,,1,,0,0,6*,,,TRUE,FALSE,FALSE,FALSE,FALSE,FALSE,,,,0,1,1,40-0,0,2,4,0,0,0,,,1
613,20050821-M-Cincinnati_Masters-F-Andy_Roddick-Roger_Federer,57,0,1,0,1,15-15,TRUE,11,1,0,,1,2,AR,4*,,,4*,,0,,4*,,1,,0,0,4*,,,TRUE,FALSE,FALSE,FALSE,FALSE,FALSE,,,,0,1,1,30-15,0,0,1,0,0,1,,,1
615,20050821-M-Cincinnati_Masters-F-Andy_Roddick-Roger_Federer,59,0,1,0,1,30-30,TRUE,11,1,0,,1,2,AR,4*,,,4*,,0,,4*,,1,,0,0,4*,,,TRUE,FALSE,FALSE,FALSE,FALSE,FALSE,,,,0,1,1,40-30,0,0,1,0,0,1,,,1
621,20050821-M-Cincinnati_Masters-F-Andy_Roddick-Roger_Federer,65,0,1,1,2,0-0,TRUE,13,1,0,,1,2,AR,5 b17 f+1 f2 i2*,,,5b17f+1f2i2*,,0,,5b17f+1f2i2*,,1,,1,0,5,,b17f+1f2i2*,FALSE,FALSE,TRUE,FALSE,FALSE,FALSE,b17f1f2i2,b17f1f2i2,bffi,4,1,1,15-0,0,1,2,0,0,1,,,5
625,20050821-M-Cincinnati_Masters-F-Andy_Roddick-Roger_Federer,69,0,1,1,2,40-15,TRUE,13,1,0,,1,2,AR,5 b28 f+3 b2n@,,,5b28f+3b2n@,,0,,5b28f+3b2n@,,1,,1,0,5,,b28f+3b2n@,FALSE,FALSE,FALSE,FALSE,TRUE,FALSE,b28f3b2n,b28f3b2,bfb,3,1,1,GM,1,2,2,0,0,1,,,3
633,20050821-M-Cincinnati_Masters-F-Andy_Roddick-Roger_Federer,77,0,1,3,2,30-0,TRUE,15,1,0,,1,2,AR,5 s28 f1 f3*,,,5s28f1f3*,,0,,5s28f1f3*,,1,,1,0,5,,s28f1f3*,FALSE,FALSE,TRUE,FALSE,FALSE,FALSE,s28f1f3,s28f1f3,sff,3,2,0,30-15,0,3,2,0,0,1,,,4
635,20050821-M-Cincinnati_Masters-F-Andy_Roddick-Roger_Federer,79,0,1,3,2,30-30,TRUE,15,1,0,,1,2,AR,4 f38*,,,4f38*,,0,,4f38*,,1,,1,0,4,,f38*,FALSE,FALSE,TRUE,FALSE,FALSE,FALSE,f38,f38,f,1,2,0,30-40,0,3,2,0,0,1,,,2
641,20050821-M-Cincinnati_Masters-F-Andy_Roddick-Roger_Federer,85,0,1,3,4,0-0,TRUE,17,1,0,,1,2,AR,6*,,,6*,,0,,6*,,1,,0,0,6*,,,TRUE,FALSE,FALSE,FALSE,FALSE,FALSE,,,,0,1,1,15-0,0,3,4,0,0,1,,,1
645,20050821-M-Cincinnati_Masters-F-Andy_Roddick-Roger_Federer,89,0,1,3,4,40-15,TRUE,17,1,0,,1,2,AR,5*,,,5*,,0,,5*,,1,,0,0,5*,,,TRUE,FALSE,FALSE,FALSE,FALSE,FALSE,,,,0,1,1,GM,1,4,4,0,0,1,,,1
652,20050821-M-Cincinnati_Masters-F-Andy_Roddick-Roger_Federer,96,0,1,4,5,0-0,TRUE,19,1,0,,1,2,AR,6*,,,6*,,0,,6*,,1,,0,0,6*,,,TRUE,FALSE,FALSE,FALSE,FALSE,FALSE,,,,0,1,1,15-0,0,4,5,0,0,1,,,1
660,20050821-M-Cincinnati_Masters-F-Andy_Roddick-Roger_Federer,104,0,1,5,6,0-0,TRUE,21,1,0,,1,2,AR,4 f17 f+3n@,,,4f17f+3n@,,0,,4f17f+3n@,,1,,1,0,4,,f17f+3n@,FALSE,FALSE,FALSE,FALSE,TRUE,FALSE,f17f3n,f17f3,ff,2,2,0,0-15,0,5,6,0,0,1,,,2
662,20050821-M-Cincinnati_Masters-F-Andy_Roddick-Roger_Federer,106,0,1,5,6,0-30,TRUE,21,1,0,,1,2,AR,5 s#,,,5s#,,0,,5s#,,1,,1,0,5,,s#,FALSE,FALSE,FALSE,TRUE,FALSE,FALSE,s,s,s,1,1,1,15-30,0,5,6,0,0,1,,,1
664,20050821-M-Cincinnati_Masters-F-Andy_Roddick-Roger_Federer,108,0,1,5,6,15-40,TRUE,21,1,0,,1,2,AR,6*,,,6*,,0,,6*,,1,,0,0,6*,,,TRUE,FALSE,FALSE,FALSE,FALSE,FALSE,,,,0,1,1,30-40,0,5,6,0,0,1,,,1
668,20041003-M-Bangkok-F-Andy_Roddick-Roger_Federer,3,0,0,0,0,15-15,TRUE,1,1,0,,1,2,AR,4 f39 b2d#,,,4f39b2d#,,0,,4f39b2d#,,1,,1,0,4,,f39b2d#,FALSE,FALSE,FALSE,TRUE,FALSE,FALSE,f39b2d,f39b2,fb,2,2,0,15-30,0,0,0,0,0,0,,,2
670,20041003-M-Bangkok-F-Andy_Roddick-Roger_Federer,5,0,0,0,0,30-30,TRUE,1,1,0,,1,2,AR,6*,,,6*,,0,,6*,,1,,0,0,6*,,,TRUE,FALSE,FALSE,FALSE,FALSE,FALSE,,,,0,1,1,40-30,0,0,0,0,0,0,,,1
678,20041003-M-Bangkok-F-Andy_Roddick-Roger_Federer,13,0,0,0,0,40-40,TRUE,1,1,0,,1,2,AR,4 f#,,,4f#,,0,,4f#,,1,,1,0,4,,f#,FALSE,FALSE,FALSE,TRUE,FALSE,FALSE,f,f,f,1,1,1,AD-40,0,0,0,0,0,0,,,1
684,20041003-M-Bangkok-F-Andy_Roddick-Roger_Federer,19,0,0,1,1,0-0,TRUE,3,1,0,,1,2,AR,4 r17 f+3d@,,,4r17f+3d@,,0,,4r17f+3d@,,1,,1,0,4,,r17f+3d@,FALSE,FALSE,FALSE,FALSE,TRUE,FALSE,r17f3d,r17f3,rf,2,2,0,0-15,0,1,1,0,0,0,,,2
686,20041003-M-Bangkok-F-Andy_Roddick-Roger_Federer,21,0,0,1,1,15-15,TRUE,3,1,0,,1,2,AR,4 r2n#,,,4r2n#,,0,,4r2n#,,1,,1,0,4,,r2n#,FALSE,FALSE,FALSE,TRUE,FALSE,FALSE,r2n,r2,r,1,1,1,30-15,0,1,1,0,0,0,,,1
688,20041003-M-Bangkok-F-Andy_Roddick-Roger_Federer,23,0,0,1,1,40-15,TRUE,3,1,0,,1,2,AR,6 b28 f3 s1 f1 f3w@,,,6b28f3s1f1f3w@,,0,,6b28f3s1f1f3w@,,1,,1,0,6,,b28f3s1f1f3w@,FALSE,FALSE,FALSE,FALSE,TRUE,FALSE,b28f3s1f1f3w,b28f3s1f1f3,bfsff,5,1,1,GM,1,2,1,0,0,0,,,5
694,20041003-M-Bangkok-F-Andy_Roddick-Roger_Federer,29,0,0,2,2,0-0,TRUE,5,1,0,,1,2,AR,4 f2d#,,,4f2d#,,0,,4f2d#,,1,,1,0,4,,f2d#,FALSE,FALSE,FALSE,TRUE,FALSE,FALSE,f2d,f2,f,1,1,1,15-0,0,2,2,0,0,0,,,1
696,20041003-M-Bangkok-F-Andy_Roddick-Roger_Federer,31,0,0,2,2,15-15,TRUE,5,1,0,,1,2,AR,6 b#,,,6b#,,0,,6b#,,1,,1,0,6,,b#,FALSE,FALSE,FALSE,TRUE,FALSE,FALSE,b,b,b,1,1,1,30-15,0,2,2,0,0,0,,,1
698,20041003-M-Bangkok-F-Andy_Roddick-Roger_Federer,33,0,0,2,2,40-15,TRUE,5,1,0,,1,2,AR,6 s28 f1 f1 r1 f1n@,,,6s28f1f1r1f1n@,,0,,6s28f1f1r1f1n@,,1,,1,0,6,,s28f1f1r1f1n@,FALSE,FALSE,FALSE,FALSE,TRUE,FALSE,s28f1f1r1f1n,s28f1f1r1f1,sffrf,5,1,1,GM,1,3,2,0,0,0,,,5
707,20041003-M-Bangkok-F-Andy_Roddick-Roger_Federer,42,0,0,3,3,0-0,TRUE,7,1,0,,1,2,AR,6 s#,,,6s#,,0,,6s#,,1,,1,0,6,,s#,FALSE,FALSE,FALSE,TRUE,FALSE,FALSE,s,s,s,1,1,1,15-0,0,3,3,0,0,0,,,1
709,20041003-M-Bangkok-F-Andy_Roddick-Roger_Federer,44,0,0,3,3,15-15,TRUE,7,1,0,,1,2,AR,6 b2n#,,,6b2n#,,0,,6b2n#,,1,,1,0,6,,b2n#,FALSE,FALSE,FALSE,TRUE,FALSE,FALSE,b2n,b2,b,1,1,1,30-15,0,3,3,0,0,0,,,1
711,20041003-M-Bangkok-F-Andy_Roddick-Roger_Federer,46,0,0,3,3,30-30,TRUE,7,1,0,,1,2,AR,4 f;27 f+1*,,,4f;27f+1*,,0,,4f;27f+1*,,1,,1,0,4,,f;27f+1*,FALSE,FALSE,TRUE,FALSE,FALSE,FALSE,f27f1,f27f1,ff,2,1,1,40-30,0,3,3,0,0,0,,,3
713,20041003-M-Bangkok-F-Andy_Roddick-Roger_Federer,48,0,0,3,3,40-40,TRUE,7,1,0,,1,2,AR,c5 b28 f2 f3 b3 s3 b2 f3 b2 f1 f1 f2 b3n@,,,5b28f2f3b3s3b2f3b2f1f1f2b3n@,,0,,5b28f2f3b3s3b2f3b2f1f1f2b3n@,,1,,1,0,5,,b28f2f3b3s3b2f3b2f1f1f2b3n@,FALSE,FALSE,FALSE,FALSE,TRUE,FALSE,b28f2f3b3s3b2f3b2f1f1f2b3n,b28f2f3b3s3b2f3b2f1f1f2b3,bffbsbfbfffb,12,2,0,40-AD,0,3,3,0,0,0,,,12
724,20041003-M-Bangkok-F-Andy_Roddick-Roger_Federer,59,0,0,3,5,30-30,TRUE,9,1,0,,1,2,AR,4*,,,4*,,0,,4*,,1,,0,0,4*,,,TRUE,FALSE,FALSE,FALSE,FALSE,FALSE,,,,0,1,1,40-30,0,3,5,0,0,0,,,1
734,20041003-M-Bangkok-F-Andy_Roddick-Roger_Federer,69,0,1,0,0,0-0,TRUE,11,1,0,,1,2,AR,R,,not available,R,,0,,R,,0,,0,0,R,,,FALSE,FALSE,FALSE,FALSE,FALSE,FALSE,,,,0,2,0,0-15,0,0,0,0,0,1,,,1
750,20041003-M-Bangkok-F-Andy_Roddick-Roger_Federer,85,0,1,0,2,0-0,TRUE,13,1,0,,1,2,AR,4+ f28 z3w#,,,4+f28z3w#,,1,,4f28z3w#,,1,,1,0,4,,f28z3w#,FALSE,FALSE,FALSE,TRUE,FALSE,FALSE,f28z3w,f28z3,fz,2,2,0,0-15,0,0,2,0,0,1,,,2
754,20041003-M-Bangkok-F-Andy_Roddick-Roger_Federer,89,0,1,0,2,15-40,TRUE,13,1,0,,1,2,AR,4 r28 f3d@,,,4r28f3d@,,0,,4r28f3d@,,1,,1,0,4,,r28f3d@,FALSE,FALSE,FALSE,FALSE,TRUE,FALSE,r28f3d,r28f3,rf,2,2,0,GM,2,0,3,0,0,1,,,2
765,20041003-M-Bangkok-F-Andy_Roddick-Roger_Federer,100,0,1,0,4,30-30,TRUE,15,1,0,,1,2,AR,5 b28 b2 f1d@,,,5b28b2f1d@,,0,,5b28b2f1d@,,1,,1,0,5,,b28b2f1d@,FALSE,FALSE,FALSE,FALSE,TRUE,FALSE,b28b2f1d,b28b2f1,bbf,3,1,1,40-30,0,0,4,0,0,1,,,3
767,20041003-M-Bangkok-F-Andy_Roddick-Roger_Federer,102,0,1,0,4,40-40,TRUE,15,1,0,,1,2,AR,4 f28*,,,4f28*,,0,,4f28*,,1,,1,0,4,,f28*,FALSE,FALSE,TRUE,FALSE,FALSE,FALSE,f28,f28,f,1,2,0,40-AD,0,0,4,0,0,1,,,2
780,20040801-M-Canada_Masters-F-Roger_Federer-Andy_Roddick,6,0,0,1,0,0-0,TRUE,2,1,0,,2,1,AR,4 f38 s2 f+1 f3n#,,,4f38s2f+1f3n#,,0,,4f38s2f+1f3n#,,1,,1,0,4,,f38s2f+1f3n#,FALSE,FALSE,FALSE,TRUE,FALSE,FALSE,f38s2f1f3n,f38s2f1f3,fsff,4,1,0,0-15,0,1,0,0,0,0,,,4
784,20040801-M-Canada_Masters-F-Roger_Federer-Andy_Roddick,10,0,0,1,0,30-30,TRUE,2,1,0,,2,1,AR,4 f#,,,4f#,,0,,4f#,,1,,1,0,4,,f#,FALSE,FALSE,FALSE,TRUE,FALSE,FALSE,f,f,f,1,2,1,40-30,0,1,0,0,0,0,,,1
791,20040801-M-Canada_Masters-F-Roger_Federer-Andy_Roddick,17,0,0,2,1,0-0,TRUE,4,1,0,,2,1,AR,4 f27 f+3 b3 z2d#,,,4f27f+3b3z2d#,,0,,4f27f+3b3z2d#,,1,,1,0,4,,f27f+3b3z2d#,FALSE,FALSE,FALSE,TRUE,FALSE,FALSE,f27f3b3z2d,f27f3b3z2,ffbz,4,1,0,0-15,0,2,1,0,0,0,,,4
793,20040801-M-Canada_Masters-F-Roger_Federer-Andy_Roddick,19,0,0,2,1,15-15,TRUE,4,1,0,,2,1,AR,cc4 f28 b2 b2 b3 b2 b2 b2 f3d@,,,4f28b2b2b3b2b2b2f3d@,,0,,4f28b2b2b3b2b2b2f3d@,,1,,1,0,4,,f28b2b2b3b2b2b2f3d@,FALSE,FALSE,FALSE,FALSE,TRUE,FALSE,f28b2b2b3b2b2b2f3d,f28b2b2b3b2b2b2f3,fbbbbbbf,8,1,0,15-30,0,2,1,0,0,0,,,8
795,20040801-M-Canada_Masters-F-Roger_Federer-Andy_Roddick,21,0,0,2,1,30-30,TRUE,4,1,0,,2,1,AR,5 s28 b2 f3 b3 b2 f2 f2 b3 b3 b2 b2 f3x@,,,5s28b2f3b3b2f2f2b3b3b2b2f3x@,,0,,5s28b2f3b3b2f2f2b3b3b2b2f3x@,,1,,1,0,5,,s28b2f3b3b2f2f2b3b3b2b2f3x@,FALSE,FALSE,FALSE,FALSE,TRUE,FALSE,s28b2f3b3b2f2f2b3b3b2b2f3x,s28b2f3b3b2f2f2b3b3b2b2f3,sbfbbffbbbbf,12,1,0,30-40,0,2,1,0,0,0,,,12
797,20040801-M-Canada_Masters-F-Roger_Federer-Andy_Roddick,23,0,0,2,1,40-40,TRUE,4,1,0,,2,1,AR,5 b18 f1 f2 f3 b2 f2 f1 f2 f1 f2 f1 f2n#,,,5b18f1f2f3b2f2f1f2f1f2f1f2n#,,0,,5b18f1f2f3b2f2f1f2f1f2f1f2n#,,1,,1,0,5,,b18f1f2f3b2f2f1f2f1f2f1f2n#,FALSE,FALSE,FALSE,TRUE,FALSE,FALSE,b18f1f2f3b2f2f1f2f1f2f1f2n,b18f1f2f3b2f2f1f2f1f2f1f2,bfffbfffffff,12,1,0,40-AD,0,2,1,0,0,0,,,12
799,20040801-M-Canada_Masters-F-Roger_Federer-Andy_Roddick,25,0,0,2,1,40-40,TRUE,4,1,0,,2,1,AR,4*,,,4*,,0,,4*,,1,,0,0,4*,,,TRUE,FALSE,FALSE,FALSE,FALSE,FALSE,,,,0,2,1,AD-40,0,2,1,0,0,0,,,1
806,20040801-M-Canada_Masters-F-Roger_Federer-Andy_Roddick,32,0,0,3,2,0-0,TRUE,6,1,0,,2,1,AR,5 s2n#,,,5s2n#,,0,,5s2n#,,1,,1,0,5,,s2n#,FALSE,FALSE,FALSE,TRUE,FALSE,FALSE,s2n,s2,s,1,2,1,15-0,0,3,2,0,0,0,,,1
808,20040801-M-Canada_Masters-F-Roger_Federer-Andy_Roddick,34,0,0,3,2,30-0,TRUE,6,1,0,,2,1,AR,4 f38 s2n@,,,4f38s2n@,,0,,4f38s2n@,,1,,1,0,4,,f38s2n@,FALSE,FALSE,FALSE,FALSE,TRUE,FALSE,f38s2n,f38s2,fs,2,1,0,30-15,0,3,2,0,0,0,,,2
810,20040801-M-Canada_Masters-F-Roger_Federer-Andy_Roddick,36,0,0,3,2,40-15,TRUE,6,1,0,,2,1,AR,4 f2n#,,,4f2n#,,0,,4f2n#,,1,,1,0,4,,f2n#,FALSE,FALSE,FALSE,TRUE,FALSE,FALSE,f2n,f2,f,1,2,1,GM,2,3,3,0,0,0,,,1
817,20040801-M-Canada_Masters-F-Roger_Federer-Andy_Roddick,43,0,0,4,3,0-0,TRUE,8,1,0,,2,1,AR,4 f28 f+3 s2 v1*,,,4f28f+3s2v1*,,0,,4f28f+3s2v1*,,1,,1,0,4,,f28f+3s2v1*,FALSE,FALSE,TRUE,FALSE,FALSE,FALSE,f28f3s2v1,f28f3s2v1,ffsv,4,2,1,15-0,0,4,3,0,0,0,,,5
819,20040801-M-Canada_Masters-F-Roger_Federer-Andy_Roddick,45,0,0,4,3,15-15,TRUE,8,1,0,,2,1,AR,5 s29 f1 f2n#,,,5s29f1f2n#,,0,,5s29f1f2n#,,1,,1,0,5,,s29f1f2n#,FALSE,FALSE,FALSE,TRUE,FALSE,FALSE,s29f1f2n,s29f1f2,sff,3,2,1,30-15,0,4,3,0,0,0,,,3
821,20040801-M-Canada_Masters-F-Roger_Federer-Andy_Roddick,47,0,0,4,3,40-15,TRUE,8,1,0,,2,1,AR,4 f27 f+2 b2d@,,,4f27f+2b2d@,,0,,4f27f+2b2d@,,1,,1,0,4,,f27f+2b2d@,FALSE,FALSE,FALSE,FALSE,TRUE,FALSE,f27f2b2d,f27f2b2,ffb,3,2,1,GM,2,4,4,0,0,0,,,3
830,20040801-M-Canada_Masters-F-Roger_Federer-Andy_Roddick,56,0,0,5,4,0-0,TRUE,10,1,0,,2,1,AR,4 f28 f2 b2 f1 r2d#,,,4f28f2b2f1r2d#,,0,,4f28f2b2f1r2d#,,1,,1,0,4,,f28f2b2f1r2d#,FALSE,FALSE,FALSE,TRUE,FALSE,FALSE,f28f2b2f1r2d,f28f2b2f1r2,ffbfr,5,2,1,15-0,0,5,4,0,0,0,,,5
843,20040801-M-Canada_Masters-F-Roger_Federer-Andy_Roddick,69,0,0,6,5,15-15,TRUE,12,1,0,,2,1,AR,5 s29 f3 s2 f+3 m2 o2 l2d#,,,5s29f3s2f+3m2o2l2d#,,0,,5s29f3s2f+3m2o2l2d#,,1,,1,0,5,,s29f3s2f+3m2o2l2d#,FALSE,FALSE,FALSE,TRUE,FALSE,FALSE,s29f3s2f3m2o2l2d,s29f3s2f3m2o2l2,sfsfmol,7,2,1,30-15,0,6,5,0,0,0,,,7
845,20040801-M-Canada_Masters-F-Roger_Federer-Andy_Roddick,71,0,0,6,5,30-30,TRUE,12,1,0,,2,1,AR,5 s#,,,5s#,,0,,5s#,,1,,1,0,5,,s#,FALSE,FALSE,FALSE,TRUE,FALSE,FALSE,s,s,s,1,2,1,40-30,0,6,5,0,0,0,,,1
847,20040801-M-Canada_Masters-F-Roger_Federer-Andy_Roddick,73,0,0,6,5,40-40,TRUE,12,1,0,,2,1,AR,4 r28 f1x@,,,4r28f1x@,,0,,4r28f1x@,,1,,1,0,4,,r28f1x@,FALSE,FALSE,FALSE,FALSE,TRUE,FALSE,r28f1x,r28f1,rf,2,1,0,40-AD,0,6,5,0,0,0,,,2
849,20040801-M-Canada_Masters-F-Roger_Federer-Andy_Roddick,75,0,0,6,5,40-40,TRUE,12,1,0,,2,1,AR,4 f2n#,,,4f2n#,,0,,4f2n#,,1,,1,0,4,,f2n#,FALSE,FALSE,FALSE,TRUE,FALSE,FALSE,f2n,f2,f,1,2,1,AD-40,0,6,5,0,0,0,,,1
851,20040801-M-Canada_Masters-F-Roger_Federer-Andy_Roddick,77,0,0,6,5,40-40,TRUE,12,1,0,,2,1,AR,5 s28 f1 f2 f+3 b1 v#,,,5s28f1f2f+3b1v#,,0,,5s28f1f2f+3b1v#,,1,,1,0,5,,s28f1f2f+3b1v#,FALSE,FALSE,FALSE,TRUE,FALSE,FALSE,s28f1f2f3b1v,s28f1f2f3b1v,sfffbv,6,1,0,40-AD,0,6,5,0,0,0,,,6
863,20040801-M-Canada_Masters-F-Roger_Federer-Andy_Roddick,89,1,0,1,0,0-0,TRUE,14,1,0,,2,1,AR,4 f28 f3 s3 f3 b3 b3 b2 f1 f1 f2 f1 f2 s3w@,,,4f28f3s3f3b3b3b2f1f1f2f1f2s3w@,,0,,4f28f3s3f3b3b3b2f1f1f2f1f2s3w@,,1,,1,0,4,,f28f3s3f3b3b3b2f1f1f2f1f2s3w@,FALSE,FALSE,FALSE,FALSE,TRUE,FALSE,f28f3s3f3b3b3b2f1f1f2f1f2s3w,f28f3s3f3b3b3b2f1f1f2f1f2s3,ffsfbbbfffffs,13,2,1,15-0,0,1,0,0,1,0,,,13
865,20040801-M-Canada_Masters-F-Roger_Federer-Andy_Roddick,91,1,0,1,0,30-0,TRUE,14,1,0,,2,1,AR,5 s28 b1 f1 f1 f2 b2 b2 f1w@,,,5s28b1f1f1f2b2b2f1w@,,0,,5s28b1f1f1f2b2b2f1w@,,1,,1,0,5,,s28b1f1f1f2b2b2f1w@,FALSE,FALSE,FALSE,FALSE,TRUE,FALSE,s28b1f1f1f2b2b2f1w,s28b1f1f1f2b2b2f1,sbfffbbf,8,1,0,30-15,0,1,0,0,1,0,,,8
871,20040801-M-Canada_Masters-F-Roger_Federer-Andy_Roddick,97,1,0,1,0,40-40,TRUE,14,1,0,,2,1,AR,5 s28 f1 f2 f+3 m2 o2*,,,5s28f1f2f+3m2o2*,,0,,5s28f1f2f+3m2o2*,,1,,1,0,5,,s28f1f2f+3m2o2*,FALSE,FALSE,TRUE,FALSE,FALSE,FALSE,s28f1f2f3m2o2,s28f1f2f3m2o2,sfffmo,6,2,1,AD-40,0,1,0,0,1,0,,,7
873,20040801-M-Canada_Masters-F-Roger_Federer-Andy_Roddick,99,1,0,1,0,40-40,TRUE,14,1,0,,2,1,AR,4 f28 f1 r2 f+3 b2n#,,,4f28f1r2f+3b2n#,,0,,4f28f1r2f+3b2n#,,1,,1,0,4,,f28f1r2f+3b2n#,FALSE,FALSE,FALSE,TRUE,FALSE,FALSE,f28f1r2f3b2n,f28f1r2f3b2,ffrfb,5,2,1,AD-40,0,1,0,0,1,0,,,5
880,20040801-M-Canada_Masters-F-Roger_Federer-Andy_Roddick,106,1,0,2,1,0-0,TRUE,16,1,0,,2,1,AR,4 f29 b2n#,,,4f29b2n#,,0,,4f29b2n#,,1,,1,0,4,,f29b2n#,FALSE,FALSE,FALSE,TRUE,FALSE,FALSE,f29b2n,f29b2,fb,2,1,0,0-15,0,2,1,0,1,0,,,2
882,20040801-M-Canada_Masters-F-Roger_Federer-Andy_Roddick,108,1,0,2,1,15-15,TRUE,16,1,0,,2,1,AR,5 b17 f+3 m3 o2 f#,,,5b17f+3m3o2f#,,0,,5b17f+3m3o2f#,,1,,1,0,5,,b17f+3m3o2f#,FALSE,FALSE,FALSE,TRUE,FALSE,FALSE,b17f3m3o2f,b17f3m3o2f,bfmof,5,2,1,30-15,0,2,1,0,1,0,,,5
884,20040801-M-Canada_Masters-F-Roger_Federer-Andy_Roddick,110,1,0,2,1,40-15,TRUE,16,1,0,,2,1,AR,5 s28 f+1 f1 v1 r2 z2*,,,5s28f+1f1v1r2z2*,,0,,5s28f+1f1v1r2z2*,,1,,1,0,5,,s28f+1f1v1r2z2*,FALSE,FALSE,TRUE,FALSE,FALSE,FALSE,s28f1f1v1r2z2,s28f1f1v1r2z2,sffvrz,6,2,1,GM,2,2,2,0,1,0,,,7
890,20040801-M-Canada_Masters-F-Roger_Federer-Andy_Roddick,116,1,0,3,2,0-0,TRUE,18,1,0,,2,1,AR,4 f2d#,,,4f2d#,,0,,4f2d#,,1,,1,0,4,,f2d#,FALSE,FALSE,FALSE,TRUE,FALSE,FALSE,f2d,f2,f,1,2,1,15-0,0,3,2,0,1,0,,,1
892,20040801-M-Canada_Masters-F-Roger_Federer-Andy_Roddick,118,1,0,3,2,15-15,TRUE,18,1,0,,2,1,AR,5 s27 f+3 s1 v1*,,,5s27f+3s1v1*,,0,,5s27f+3s1v1*,,1,,1,0,5,,s27f+3s1v1*,FALSE,FALSE,TRUE,FALSE,FALSE,FALSE,s27f3s1v1,s27f3s1v1,sfsv,4,2,1,30-15,0,3,2,0,1,0,,,5
894,20040801-M-Canada_Masters-F-Roger_Federer-Andy_Roddick,120,1,0,3,2,30-30,TRUE,18,1,0,,2,1,AR,5 s28 f+1 f2 v3 m2d#,,,5s28f+1f2v3m2d#,,0,,5s28f+1f2v3m2d#,,1,,1,0,5,,s28f+1f2v3m2d#,FALSE,FALSE,FALSE,TRUE,FALSE,FALSE,s28f1f2v3m2d,s28f1f2v3m2,sffvm,5,2,1,40-30,0,3,2,0,1,0,,,5
900,20040801-M-Canada_Masters-F-Roger_Federer-Andy_Roddick,126,1,0,4,3,0-0,TRUE,20,1,0,,2,1,AR,4 f29 b2 b+1 f2 z3*,,,4f29b2b+1f2z3*,,0,,4f29b2b+1f2z3*,,1,,1,0,4,,f29b2b+1f2z3*,FALSE,FALSE,TRUE,FALSE,FALSE,FALSE,f29b2b1f2z3,f29b2b1f2z3,fbbfz,5,1,0,0-15,0,4,3,0,1,0,,,6
904,20040801-M-Canada_Masters-F-Roger_Federer-Andy_Roddick,130,1,0,4,3,15-40,TRUE,20,1,0,,2,1,AR,4 r28 f+3 b3 i2*,,,4r28f+3b3i2*,,0,,4r28f+3b3i2*,,1,,1,0,4,,r28f+3b3i2*,FALSE,FALSE,TRUE,FALSE,FALSE,FALSE,r28f3b3i2,r28f3b3i2,rfbi,4,2,1,30-40,0,4,3,0,1,0,,,5
928,20030809-M-Canada_Masters-SF-Roger_Federer-Andy_Roddick,17,0,0,1,2,0-0,TRUE,4,1,0,,2,1,AR,6*,,,6*,,0,,6*,,1,,0,0,6*,,,TRUE,FALSE,FALSE,FALSE,FALSE,FALSE,,,,0,2,1,15-0,0,1,2,0,0,0,,,1
937,20030809-M-Canada_Masters-SF-Roger_Federer-Andy_Roddick,26,0,0,2,3,0-0,TRUE,6,1,0,,2,1,AR,S,,,S,,0,,S,,0,,0,0,S,,,FALSE,FALSE,FALSE,FALSE,FALSE,FALSE,,,,0,2,1,15-0,0,2,3,0,0,0,,,1
939,20030809-M-Canada_Masters-SF-Roger_Federer-Andy_Roddick,28,0,0,2,3,30-0,TRUE,6,1,0,,2,1,AR,4 f19 f2 f1 f1 f1 f2 s2 f3 s3 f3 b1x@,,,4f19f2f1f1f1f2s2f3s3f3b1x@,,0,,4f19f2f1f1f1f2s2f3s3f3b1x@,,1,,1,0,4,,f19f2f1f1f1f2s2f3s3f3b1x@,FALSE,FALSE,FALSE,FALSE,TRUE,FALSE,f19f2f1f1f1f2s2f3s3f3b1x,f19f2f1f1f1f2s2f3s3f3b1,ffffffsfsfb,11,2,1,40-0,0,2,3,0,0,0,,,11
945,20030809-M-Canada_Masters-SF-Roger_Federer-Andy_Roddick,34,0,0,3,4,0-0,TRUE,8,1,0,,2,1,AR,6 s29 f3n@,,,6s29f3n@,,0,,6s29f3n@,,1,,1,0,6,,s29f3n@,FALSE,FALSE,FALSE,FALSE,TRUE,FALSE,s29f3n,s29f3,sf,2,1,0,0-15,0,3,4,0,0,0,,,2
949,20030809-M-Canada_Masters-SF-Roger_Federer-Andy_Roddick,38,0,0,3,4,30-30,TRUE,8,1,0,,2,1,AR,6*,,,6*,,0,,6*,,1,,0,0,6*,,,TRUE,FALSE,FALSE,FALSE,FALSE,FALSE,,,,0,2,1,40-30,0,3,4,0,0,0,,,1
959,20030809-M-Canada_Masters-SF-Roger_Federer-Andy_Roddick,48,0,0,4,5,15-15,TRUE,10,1,0,,2,1,AR,6 s38 f3 b3 f3 b3 f2 f1 f1 f3 b3n@,,,6s38f3b3f3b3f2f1f1f3b3n@,,0,,6s38f3b3f3b3f2f1f1f3b3n@,,1,,1,0,6,,s38f3b3f3b3f2f1f1f3b3n@,FALSE,FALSE,FALSE,FALSE,TRUE,FALSE,s38f3b3f3b3f2f1f1f3b3n,s38f3b3f3b3f2f1f1f3b3,sfbfbffffb,10,1,0,15-30,0,4,5,0,0,0,,,10
961,20030809-M-Canada_Masters-SF-Roger_Federer-Andy_Roddick,50,0,0,4,5,30-30,TRUE,10,1,0,,2,1,AR,4 r17 f-3*,,,4r17f-3*,,0,,4r17f-3*,,1,,1,0,4,,r17f-3*,FALSE,FALSE,TRUE,FALSE,FALSE,FALSE,r17f3,r17f3,rf,2,2,1,40-30,0,4,5,0,0,0,,,3
973,20030809-M-Canada_Masters-SF-Roger_Federer-Andy_Roddick,62,0,1,1,0,0-0,TRUE,12,1,0,,2,1,AR,6 s38 b3 b3d@,,,6s38b3b3d@,,0,,6s38b3b3d@,,1,,1,0,6,,s38b3b3d@,FALSE,FALSE,FALSE,FALSE,TRUE,FALSE,s38b3b3d,s38b3b3,sbb,3,2,1,15-0,0,1,0,0,0,1,,,3
975,20030809-M-Canada_Masters-SF-Roger_Federer-Andy_Roddick,64,0,1,1,0,15-15,TRUE,12,1,0,,2,1,AR,6 s27 f+3 b1 v1 f3*,,,6s27f+3b1v1f3*,,0,,6s27f+3b1v1f3*,,1,,1,0,6,,s27f+3b1v1f3*,FALSE,FALSE,TRUE,FALSE,FALSE,FALSE,s27f3b1v1f3,s27f3b1v1f3,sfbvf,5,1,0,15-30,0,1,0,0,0,1,,,6
984,20030809-M-Canada_Masters-SF-Roger_Federer-Andy_Roddick,73,0,1,2,1,0-0,TRUE,14,1,0,,2,1,AR,4 f#,,,4f#,,0,,4f#,,1,,1,0,4,,f#,FALSE,FALSE,FALSE,TRUE,FALSE,FALSE,f,f,f,1,2,1,15-0,0,2,1,0,0,1,,,1
986,20030809-M-Canada_Masters-SF-Roger_Federer-Andy_Roddick,75,0,1,2,1,30-0,TRUE,14,1,0,,2,1,AR,4 f27 f+3 b1*,,,4f27f+3b1*,,0,,4f27f+3b1*,,1,,1,0,4,,f27f+3b1*,FALSE,FALSE,TRUE,FALSE,FALSE,FALSE,f27f3b1,f27f3b1,ffb,3,1,0,30-15,0,2,1,0,0,1,,,4
994,20030809-M-Canada_Masters-SF-Roger_Federer-Andy_Roddick,83,0,1,3,2,0-0,TRUE,16,1,0,,2,1,AR,4*,,,4*,,0,,4*,,1,,0,0,4*,,,TRUE,FALSE,FALSE,FALSE,FALSE,FALSE,,,,0,2,1,15-0,0,3,2,0,0,1,,,1
998,20030809-M-Canada_Masters-SF-Roger_Federer-Andy_Roddick,87,0,1,3,2,40-15,TRUE,16,1,0,,2,1,AR,6 s37 b+3n@,,,6s37b+3n@,,0,,6s37b+3n@,,1,,1,0,6,,s37b+3n@,FALSE,FALSE,FALSE,FALSE,TRUE,FALSE,s37b3n,s37b3,sb,2,1,0,40-30,0,3,2,0,0,1,,,2
1007,20030809-M-Canada_Masters-SF-Roger_Federer-Andy_Roddick,96,0,1,5,2,0-0,TRUE,18,1,0,,2,1,AR,4 r28 s+1*,,,4r28s+1*,,0,,4r28s+1*,,1,,1,0,4,,r28s+1*,FALSE,FALSE,TRUE,FALSE,FALSE,FALSE,r28s1,r28s1,rs,2,2,1,15-0,0,5,2,0,0,1,,,3
1027,20030809-M-Canada_Masters-SF-Roger_Federer-Andy_Roddick,116,1,1,2,0,0-0,TRUE,22,1,0,,2,1,AR,4 r39 b3 s1 f1n@,,,4r39b3s1f1n@,,0,,4r39b3s1f1n@,,1,,1,0,4,,r39b3s1f1n@,FALSE,FALSE,FALSE,FALSE,TRUE,FALSE,r39b3s1f1n,r39b3s1f1,rbsf,4,1,0,0-15,0,2,0,0,1,1,,,4
1029,20030809-M-Canada_Masters-SF-Roger_Federer-Andy_Roddick,118,1,1,2,0,15-15,TRUE,22,1,0,,2,1,AR,6+ s17 v1*,,,6+s17v1*,,1,,6s17v1*,,1,,1,0,6,,s17v1*,FALSE,FALSE,TRUE,FALSE,FALSE,FALSE,s17v1,s17v1,sv,2,2,1,30-15,0,2,0,0,1,1,,,3
1058,20030809-M-Canada_Masters-SF-Roger_Federer-Andy_Roddick,147,1,1,4,2,15-15,TRUE,26,1,0,,2,1,AR,4 f27 f+3 m3 o=3 s2 f+1 f1 v3 s1*,,,4f27f+3m3o=3s2f+1f1v3s1*,,0,,4f27f+3m3o=3s2f+1f1v3s1*,,1,,1,0,4,,f27f+3m3o=3s2f+1f1v3s1*,FALSE,FALSE,TRUE,FALSE,FALSE,FALSE,f27f3m3o3s2f1f1v3s1,f27f3m3o3s2f1f1v3s1,ffmosffvs,9,1,0,15-30,0,4,2,0,1,1,,,10
1068,20030809-M-Canada_Masters-SF-Roger_Federer-Andy_Roddick,157,1,1,4,4,0-0,TRUE,28,1,0,,2,1,AR,4*,,,4*,,0,,4*,,1,,0,0,4*,,,TRUE,FALSE,FALSE,FALSE,FALSE,FALSE,,,,0,2,1,15-0,0,4,4,0,1,1,,,1
1072,20030809-M-Canada_Masters-SF-Roger_Federer-Andy_Roddick,161,1,1,4,4,40-15,TRUE,28,1,0,,2,1,AR,4*,,,4*,,0,,4*,,1,,0,0,4*,,,TRUE,FALSE,FALSE,FALSE,FALSE,FALSE,,,,0,2,1,GM,2,4,5,0,1,1,,,1
1077,20030809-M-Canada_Masters-SF-Roger_Federer-Andy_Roddick,166,1,1,5,5,0-0,TRUE,30,1,0,,2,1,AR,4 r3w#,,,4r3w#,,0,,4r3w#,,1,,1,0,4,,r3w#,FALSE,FALSE,FALSE,TRUE,FALSE,FALSE,r3w,r3,r,1,2,1,15-0,0,5,5,0,1,1,,,1
1087,20030809-M-Canada_Masters-SF-Roger_Federer-Andy_Roddick,176,1,1,6,6,0-0,TRUE,32,1,1,1,2,1,AR,6 s2n#,,,6s2n#,,0,,6s2n#,,1,,1,0,6,,s2n#,FALSE,FALSE,FALSE,TRUE,FALSE,FALSE,s2n,s2,s,1,2,1,1-0,0,6,6,0,1,1,1,0-1,1
